[
{
  "model": "auth.permission",
  "pk": 1,
  "fields": {
    "name": "Can add log entry",
    "content_type": 1,
    "codename": "add_logentry"
  }
},
{
  "model": "auth.permission",
  "pk": 2,
  "fields": {
    "name": "Can change log entry",
    "content_type": 1,
    "codename": "change_logentry"
  }
},
{
  "model": "auth.permission",
  "pk": 3,
  "fields": {
    "name": "Can delete log entry",
    "content_type": 1,
    "codename": "delete_logentry"
  }
},
{
  "model": "auth.permission",
  "pk": 4,
  "fields": {
    "name": "Can view log entry",
    "content_type": 1,
    "codename": "view_logentry"
  }
},
{
  "model": "auth.permission",
  "pk": 5,
  "fields": {
    "name": "Can add permission",
    "content_type": 3,
    "codename": "add_permission"
  }
},
{
  "model": "auth.permission",
  "pk": 6,
  "fields": {
    "name": "Can change permission",
    "content_type": 3,
    "codename": "change_permission"
  }
},
{
  "model": "auth.permission",
  "pk": 7,
  "fields": {
    "name": "Can delete permission",
    "content_type": 3,
    "codename": "delete_permission"
  }
},
{
  "model": "auth.permission",
  "pk": 8,
  "fields": {
    "name": "Can view permission",
    "content_type": 3,
    "codename": "view_permission"
  }
},
{
  "model": "auth.permission",
  "pk": 9,
  "fields": {
    "name": "Can add group",
    "content_type": 2,
    "codename": "add_group"
  }
},
{
  "model": "auth.permission",
  "pk": 10,
  "fields": {
    "name": "Can change group",
    "content_type": 2,
    "codename": "change_group"
  }
},
{
  "model": "auth.permission",
  "pk": 11,
  "fields": {
    "name": "Can delete group",
    "content_type": 2,
    "codename": "delete_group"
  }
},
{
  "model": "auth.permission",
  "pk": 12,
  "fields": {
    "name": "Can view group",
    "content_type": 2,
    "codename": "view_group"
  }
},
{
  "model": "auth.permission",
  "pk": 13,
  "fields": {
    "name": "Can add content type",
    "content_type": 4,
    "codename": "add_contenttype"
  }
},
{
  "model": "auth.permission",
  "pk": 14,
  "fields": {
    "name": "Can change content type",
    "content_type": 4,
    "codename": "change_contenttype"
  }
},
{
  "model": "auth.permission",
  "pk": 15,
  "fields": {
    "name": "Can delete content type",
    "content_type": 4,
    "codename": "delete_contenttype"
  }
},
{
  "model": "auth.permission",
  "pk": 16,
  "fields": {
    "name": "Can view content type",
    "content_type": 4,
    "codename": "view_contenttype"
  }
},
{
  "model": "auth.permission",
  "pk": 17,
  "fields": {
    "name": "Can add session",
    "content_type": 5,
    "codename": "add_session"
  }
},
{
  "model": "auth.permission",
  "pk": 18,
  "fields": {
    "name": "Can change session",
    "content_type": 5,
    "codename": "change_session"
  }
},
{
  "model": "auth.permission",
  "pk": 19,
  "fields": {
    "name": "Can delete session",
    "content_type": 5,
    "codename": "delete_session"
  }
},
{
  "model": "auth.permission",
  "pk": 20,
  "fields": {
    "name": "Can view session",
    "content_type": 5,
    "codename": "view_session"
  }
},
{
  "model": "auth.permission",
  "pk": 21,
  "fields": {
    "name": "Can add user",
    "content_type": 7,
    "codename": "add_customuser"
  }
},
{
  "model": "auth.permission",
  "pk": 22,
  "fields": {
    "name": "Can change user",
    "content_type": 7,
    "codename": "change_customuser"
  }
},
{
  "model": "auth.permission",
  "pk": 23,
  "fields": {
    "name": "Can delete user",
    "content_type": 7,
    "codename": "delete_customuser"
  }
},
{
  "model": "auth.permission",
  "pk": 24,
  "fields": {
    "name": "Can view user",
    "content_type": 7,
    "codename": "view_customuser"
  }
},
{
  "model": "auth.permission",
  "pk": 25,
  "fields": {
    "name": "Can add channel",
    "content_type": 6,
    "codename": "add_channel"
  }
},
{
  "model": "auth.permission",
  "pk": 26,
  "fields": {
    "name": "Can change channel",
    "content_type": 6,
    "codename": "change_channel"
  }
},
{
  "model": "auth.permission",
  "pk": 27,
  "fields": {
    "name": "Can delete channel",
    "content_type": 6,
    "codename": "delete_channel"
  }
},
{
  "model": "auth.permission",
  "pk": 28,
  "fields": {
    "name": "Can view channel",
    "content_type": 6,
    "codename": "view_channel"
  }
},
{
  "model": "auth.permission",
  "pk": 29,
  "fields": {
    "name": "Can add tag",
    "content_type": 9,
    "codename": "add_tag"
  }
},
{
  "model": "auth.permission",
  "pk": 30,
  "fields": {
    "name": "Can change tag",
    "content_type": 9,
    "codename": "change_tag"
  }
},
{
  "model": "auth.permission",
  "pk": 31,
  "fields": {
    "name": "Can delete tag",
    "content_type": 9,
    "codename": "delete_tag"
  }
},
{
  "model": "auth.permission",
  "pk": 32,
  "fields": {
    "name": "Can view tag",
    "content_type": 9,
    "codename": "view_tag"
  }
},
{
  "model": "auth.permission",
  "pk": 33,
  "fields": {
    "name": "Can add videos",
    "content_type": 12,
    "codename": "add_videos"
  }
},
{
  "model": "auth.permission",
  "pk": 34,
  "fields": {
    "name": "Can change videos",
    "content_type": 12,
    "codename": "change_videos"
  }
},
{
  "model": "auth.permission",
  "pk": 35,
  "fields": {
    "name": "Can delete videos",
    "content_type": 12,
    "codename": "delete_videos"
  }
},
{
  "model": "auth.permission",
  "pk": 36,
  "fields": {
    "name": "Can view videos",
    "content_type": 12,
    "codename": "view_videos"
  }
},
{
  "model": "auth.permission",
  "pk": 37,
  "fields": {
    "name": "Can add view video",
    "content_type": 14,
    "codename": "add_viewvideo"
  }
},
{
  "model": "auth.permission",
  "pk": 38,
  "fields": {
    "name": "Can change view video",
    "content_type": 14,
    "codename": "change_viewvideo"
  }
},
{
  "model": "auth.permission",
  "pk": 39,
  "fields": {
    "name": "Can delete view video",
    "content_type": 14,
    "codename": "delete_viewvideo"
  }
},
{
  "model": "auth.permission",
  "pk": 40,
  "fields": {
    "name": "Can view view video",
    "content_type": 14,
    "codename": "view_viewvideo"
  }
},
{
  "model": "auth.permission",
  "pk": 41,
  "fields": {
    "name": "Can add video like",
    "content_type": 10,
    "codename": "add_videolike"
  }
},
{
  "model": "auth.permission",
  "pk": 42,
  "fields": {
    "name": "Can change video like",
    "content_type": 10,
    "codename": "change_videolike"
  }
},
{
  "model": "auth.permission",
  "pk": 43,
  "fields": {
    "name": "Can delete video like",
    "content_type": 10,
    "codename": "delete_videolike"
  }
},
{
  "model": "auth.permission",
  "pk": 44,
  "fields": {
    "name": "Can view video like",
    "content_type": 10,
    "codename": "view_videolike"
  }
},
{
  "model": "auth.permission",
  "pk": 45,
  "fields": {
    "name": "Can add video repost",
    "content_type": 11,
    "codename": "add_videorepost"
  }
},
{
  "model": "auth.permission",
  "pk": 46,
  "fields": {
    "name": "Can change video repost",
    "content_type": 11,
    "codename": "change_videorepost"
  }
},
{
  "model": "auth.permission",
  "pk": 47,
  "fields": {
    "name": "Can delete video repost",
    "content_type": 11,
    "codename": "delete_videorepost"
  }
},
{
  "model": "auth.permission",
  "pk": 48,
  "fields": {
    "name": "Can view video repost",
    "content_type": 11,
    "codename": "view_videorepost"
  }
},
{
  "model": "auth.permission",
  "pk": 49,
  "fields": {
    "name": "Can add video tag",
    "content_type": 13,
    "codename": "add_videotag"
  }
},
{
  "model": "auth.permission",
  "pk": 50,
  "fields": {
    "name": "Can change video tag",
    "content_type": 13,
    "codename": "change_videotag"
  }
},
{
  "model": "auth.permission",
  "pk": 51,
  "fields": {
    "name": "Can delete video tag",
    "content_type": 13,
    "codename": "delete_videotag"
  }
},
{
  "model": "auth.permission",
  "pk": 52,
  "fields": {
    "name": "Can view video tag",
    "content_type": 13,
    "codename": "view_videotag"
  }
},
{
  "model": "auth.permission",
  "pk": 53,
  "fields": {
    "name": "Can add comment",
    "content_type": 8,
    "codename": "add_comment"
  }
},
{
  "model": "auth.permission",
  "pk": 54,
  "fields": {
    "name": "Can change comment",
    "content_type": 8,
    "codename": "change_comment"
  }
},
{
  "model": "auth.permission",
  "pk": 55,
  "fields": {
    "name": "Can delete comment",
    "content_type": 8,
    "codename": "delete_comment"
  }
},
{
  "model": "auth.permission",
  "pk": 56,
  "fields": {
    "name": "Can view comment",
    "content_type": 8,
    "codename": "view_comment"
  }
},
{
  "model": "auth.permission",
  "pk": 57,
  "fields": {
    "name": "Can add Token",
    "content_type": 15,
    "codename": "add_token"
  }
},
{
  "model": "auth.permission",
  "pk": 58,
  "fields": {
    "name": "Can change Token",
    "content_type": 15,
    "codename": "change_token"
  }
},
{
  "model": "auth.permission",
  "pk": 59,
  "fields": {
    "name": "Can delete Token",
    "content_type": 15,
    "codename": "delete_token"
  }
},
{
  "model": "auth.permission",
  "pk": 60,
  "fields": {
    "name": "Can view Token",
    "content_type": 15,
    "codename": "view_token"
  }
},
{
  "model": "auth.permission",
  "pk": 61,
  "fields": {
    "name": "Can add Token",
    "content_type": 16,
    "codename": "add_tokenproxy"
  }
},
{
  "model": "auth.permission",
  "pk": 62,
  "fields": {
    "name": "Can change Token",
    "content_type": 16,
    "codename": "change_tokenproxy"
  }
},
{
  "model": "auth.permission",
  "pk": 63,
  "fields": {
    "name": "Can delete Token",
    "content_type": 16,
    "codename": "delete_tokenproxy"
  }
},
{
  "model": "auth.permission",
  "pk": 64,
  "fields": {
    "name": "Can view Token",
    "content_type": 16,
    "codename": "view_tokenproxy"
  }
},
{
  "model": "contenttypes.contenttype",
  "pk": 1,
  "fields": {
    "app_label": "admin",
    "model": "logentry"
  }
},
{
  "model": "contenttypes.contenttype",
  "pk": 2,
  "fields": {
    "app_label": "auth",
    "model": "group"
  }
},
{
  "model": "contenttypes.contenttype",
  "pk": 3,
  "fields": {
    "app_label": "auth",
    "model": "permission"
  }
},
{
  "model": "contenttypes.contenttype",
  "pk": 4,
  "fields": {
    "app_label": "contenttypes",
    "model": "contenttype"
  }
},
{
  "model": "contenttypes.contenttype",
  "pk": 5,
  "fields": {
    "app_label": "sessions",
    "model": "session"
  }
},
{
  "model": "contenttypes.contenttype",
  "pk": 6,
  "fields": {
    "app_label": "users",
    "model": "channel"
  }
},
{
  "model": "contenttypes.contenttype",
  "pk": 7,
  "fields": {
    "app_label": "users",
    "model": "customuser"
  }
},
{
  "model": "contenttypes.contenttype",
  "pk": 8,
  "fields": {
    "app_label": "videos",
    "model": "comment"
  }
},
{
  "model": "contenttypes.contenttype",
  "pk": 9,
  "fields": {
    "app_label": "videos",
    "model": "tag"
  }
},
{
  "model": "contenttypes.contenttype",
  "pk": 10,
  "fields": {
    "app_label": "videos",
    "model": "videolike"
  }
},
{
  "model": "contenttypes.contenttype",
  "pk": 11,
  "fields": {
    "app_label": "videos",
    "model": "videorepost"
  }
},
{
  "model": "contenttypes.contenttype",
  "pk": 12,
  "fields": {
    "app_label": "videos",
    "model": "videos"
  }
},
{
  "model": "contenttypes.contenttype",
  "pk": 13,
  "fields": {
    "app_label": "videos",
    "model": "videotag"
  }
},
{
  "model": "contenttypes.contenttype",
  "pk": 14,
  "fields": {
    "app_label": "videos",
    "model": "viewvideo"
  }
},
{
  "model": "contenttypes.contenttype",
  "pk": 15,
  "fields": {
    "app_label": "authtoken",
    "model": "token"
  }
},
{
  "model": "contenttypes.contenttype",
  "pk": 16,
  "fields": {
    "app_label": "authtoken",
    "model": "tokenproxy"
  }
},
{
  "model": "sessions.session",
  "pk": "ii4shfsc1m1ym96rye9eztq7p378qf22",
  "fields": {
    "session_data": ".eJxVjLsOwjAMAP_FM4ryIDHpyN5vqOLYkAJKpKadEP-OKnWA9e50b5jStpZp67JMM8MAxsDpF1LKT6m74Ueq96Zyq-syk9oTddiuxsbyuh7t36CkXmCAi6dzQEcW2XqOOjibk7UYtZebYGZM6IRQhCg6Nug0a03CMRvHgeHzBf0DOGA:1vh28h:hLT_7mMNhq2TPYsNSUNU2a5S9ldsqQ7c-GsB63_SRts",
    "expire_date": "2026-01-31T08:58:35.839Z"
  }
},
{
  "model": "users.customuser",
  "pk": 1,
  "fields": {
    "password": "pbkdf2_sha256$1200000$P6l1FLSjUinWsgryVu5kTV$zPrKq7Qv9sS2y/nPQAmRkBt7ozhtfoygClLdjeaA3QA=",
    "last_login": null,
    "is_superuser": false,
    "username": "Lord_Huebes",
    "first_name": "Фёдор",
    "last_name": "Какашкин",
    "email": "huebes_killer@mail.ru",
    "is_staff": false,
    "is_active": true,
    "date_joined": "2024-01-01T12:00:00Z",
    "phone_number": "+79991234567",
    "groups": [],
    "user_permissions": []
  }
},
{
  "model": "users.customuser",
  "pk": 2,
  "fields": {
    "password": "pbkdf2_sha256$1200000$P6l1FLSjUinWsgryVu5kTV$zPrKq7Qv9sS2y/nPQAmRkBt7ozhtfoygClLdjeaA3QA=",
    "last_login": null,
    "is_superuser": false,
    "username": "Karas_Stoykiy",
    "first_name": "Карась",
    "last_name": "Мычащий",
    "email": "karas@bunker.ru",
    "is_staff": false,
    "is_active": true,
    "date_joined": "2024-01-02T12:00:00Z",
    "phone_number": "+79997654321",
    "groups": [],
    "user_permissions": []
  }
},
{
  "model": "users.customuser",
  "pk": 3,
  "fields": {
    "password": "pbkdf2_sha256$1200000$P6l1FLSjUinWsgryVu5kTV$zPrKq7Qv9sS2y/nPQAmRkBt7ozhtfoygClLdjeaA3QA=",
    "last_login": null,
    "is_superuser": false,
    "username": "Napoleon_Cherdak",
    "first_name": "Наполеон",
    "last_name": "Чердаков",
    "email": "napon@cherdak.ru",
    "is_staff": false,
    "is_active": true,
    "date_joined": "2024-01-03T12:00:00Z",
    "phone_number": "+79993334455",
    "groups": [],
    "user_permissions": []
  }
},
{
  "model": "users.customuser",
  "pk": 4,
  "fields": {
    "password": "pbkdf2_sha256$1200000$P6l1FLSjUinWsgryVu5kTV$zPrKq7Qv9sS2y/nPQAmRkBt7ozhtfoygClLdjeaA3QA=",
    "last_login": null,
    "is_superuser": false,
    "username": "Sidor_1993",
    "first_name": "Сидор",
    "last_name": "Несдавшийся",
    "email": "sidr@stalker.ru",
    "is_staff": false,
    "is_active": true,
    "date_joined": "2024-01-04T12:00:00Z",
    "phone_number": "+79995556677",
    "groups": [],
    "user_permissions": []
  }
},
{
  "model": "users.customuser",
  "pk": 5,
  "fields": {
    "password": "pbkdf2_sha256$1200000$P6l1FLSjUinWsgryVu5kTV$zPrKq7Qv9sS2y/nPQAmRkBt7ozhtfoygClLdjeaA3QA=",
    "last_login": null,
    "is_superuser": false,
    "username": "Trump_Na_Vertolete",
    "first_name": "Дональд",
    "last_name": "Вертолётов",
    "email": "trump@helicopter.us",
    "is_staff": false,
    "is_active": true,
    "date_joined": "2024-01-05T12:00:00Z",
    "phone_number": "+79998889900",
    "groups": [],
    "user_permissions": []
  }
},
{
  "model": "users.customuser",
  "pk": 6,
  "fields": {
    "password": "pbkdf2_sha256$1200000$P6l1FLSjUinWsgryVu5kTV$zPrKq7Qv9sS2y/nPQAmRkBt7ozhtfoygClLdjeaA3QA=",
    "last_login": null,
    "is_superuser": false,
    "username": "Steve_Jobs_Reborn",
    "first_name": "Стив",
    "last_name": "Воскресший",
    "email": "jobs@apple.from.grave",
    "is_staff": false,
    "is_active": true,
    "date_joined": "2024-01-06T12:00:00Z",
    "phone_number": "+79991112233",
    "groups": [],
    "user_permissions": []
  }
},
{
  "model": "users.customuser",
  "pk": 7,
  "fields": {
    "password": "pbkdf2_sha256$1200000$P6l1FLSjUinWsgryVu5kTV$zPrKq7Qv9sS2y/nPQAmRkBt7ozhtfoygClLdjeaA3QA=",
    "last_login": null,
    "is_superuser": false,
    "username": "Lenin_Parovoz",
    "first_name": "Владимир",
    "last_name": "Паровозов",
    "email": "lenin@parovoz.su",
    "is_staff": false,
    "is_active": true,
    "date_joined": "2024-01-07T12:00:00Z",
    "phone_number": "+79994445566",
    "groups": [],
    "user_permissions": []
  }
},
{
  "model": "users.customuser",
  "pk": 8,
  "fields": {
    "password": "pbkdf2_sha256$1200000$P6l1FLSjUinWsgryVu5kTV$zPrKq7Qv9sS2y/nPQAmRkBt7ozhtfoygClLdjeaA3QA=",
    "last_login": null,
    "is_superuser": false,
    "username": "Chingis_Smesh",
    "first_name": "Чингис",
    "last_name": "Смешариков",
    "email": "chingis@smeshariki.mn",
    "is_staff": false,
    "is_active": true,
    "date_joined": "2024-01-08T12:00:00Z",
    "phone_number": "+79997778899",
    "groups": [],
    "user_permissions": []
  }
},
{
  "model": "users.customuser",
  "pk": 9,
  "fields": {
    "password": "pbkdf2_sha256$1200000$P6l1FLSjUinWsgryVu5kTV$zPrKq7Qv9sS2y/nPQAmRkBt7ozhtfoygClLdjeaA3QA=",
    "last_login": null,
    "is_superuser": false,
    "username": "Femboy_Attack",
    "first_name": "Артём",
    "last_name": "Глиттерный",
    "email": "femboy@attack.ru",
    "is_staff": false,
    "is_active": true,
    "date_joined": "2024-01-09T12:00:00Z",
    "phone_number": "+79990001122",
    "groups": [],
    "user_permissions": []
  }
},
{
  "model": "users.customuser",
  "pk": 10,
  "fields": {
    "password": "pbkdf2_sha256$1200000$P6l1FLSjUinWsgryVu5kTV$zPrKq7Qv9sS2y/nPQAmRkBt7ozhtfoygClLdjeaA3QA=",
    "last_login": null,
    "is_superuser": true,
    "username": "Admin_Huebestan",
    "first_name": "Админ",
    "last_name": "Всея Хуебестана",
    "email": "admin@huebestan.gov",
    "is_staff": true,
    "is_active": true,
    "date_joined": "2024-01-10T12:00:00Z",
    "phone_number": "+79991231231",
    "groups": [],
    "user_permissions": []
  }
},
{
  "model": "users.customuser",
  "pk": 11,
  "fields": {
    "password": "pbkdf2_sha256$1200000$TXiGkGg03kVCGb9CxBhOOy$NhX/HUy/fLag2Fcz82FRQ/o42weJOhxyEMOvDBFJ6KA=",
    "last_login": "2026-01-17T08:58:35.837Z",
    "is_superuser": true,
    "username": "admin",
    "first_name": "",
    "last_name": "",
    "email": "admin@gmail.com",
    "is_staff": true,
    "is_active": true,
    "date_joined": "2026-01-17T08:58:14.332Z",
    "phone_number": "",
    "groups": [],
    "user_permissions": []
  }
},
{
  "model": "users.channel",
  "pk": 1,
  "fields": {
    "user_id": 1,
    "avatar": "",
    "channel_name": "Штаб Антихуебесов",
    "slug_name": "shtab-antihuebesov",
    "created_date": "2024-12-26",
    "description": "Оперативный штаб по борьбе с хуебесами и летающими членами. Челюхи в кустах — наш стратегический запас.",
    "preview": ""
  }
},
{
  "model": "users.channel",
  "pk": 2,
  "fields": {
    "user_id": 2,
    "avatar": "",
    "channel_name": "Карась и Федечка",
    "slug_name": "karas-i-fedechka",
    "created_date": "2024-12-26",
    "description": "Только правда про пальчики в жопе и чеченские клады. Иди нахуй, если не согласен.",
    "preview": ""
  }
},
{
  "model": "users.channel",
  "pk": 3,
  "fields": {
    "user_id": 3,
    "avatar": "",
    "channel_name": "Тактика бегства из дурки",
    "slug_name": "pobeg-iz-durki",
    "created_date": "2024-12-26",
    "description": "Планы побегов, чертежи вертолётов из члена и карты расположения челюх.",
    "preview": ""
  }
},
{
  "model": "users.channel",
  "pk": 4,
  "fields": {
    "user_id": 4,
    "avatar": "",
    "channel_name": "Рассказы у костра",
    "slug_name": "istorii-u-kostra",
    "created_date": "2024-12-26",
    "description": "Истории о том, как меня расстреляли в 93-м, но я не сдался. Для своих.",
    "preview": ""
  }
},
{
  "model": "users.channel",
  "pk": 5,
  "fields": {
    "user_id": 5,
    "avatar": "",
    "channel_name": "24 часа до пиздеца",
    "slug_name": "24-chasa-do-pizdetsa",
    "created_date": "2024-12-26",
    "description": "Экстренные новости о хуебесах, капитуляциях и сделках с НЛО.",
    "preview": ""
  }
},
{
  "model": "users.channel",
  "pk": 6,
  "fields": {
    "user_id": 6,
    "avatar": "",
    "channel_name": "Реинкарнация и биткоины",
    "slug_name": "reincarnation-bitcoin",
    "created_date": "2024-12-26",
    "description": "Как заработать на петардах в жопе и возродиться после смерти.",
    "preview": ""
  }
},
{
  "model": "users.channel",
  "pk": 7,
  "fields": {
    "user_id": 7,
    "avatar": "",
    "channel_name": "Революция на рельсах",
    "slug_name": "revolution-parovoz",
    "created_date": "2024-12-26",
    "description": "Соединяем Ленина, Томаса и хуебесов в одну теорию заговора.",
    "preview": ""
  }
},
{
  "model": "users.channel",
  "pk": 8,
  "fields": {
    "user_id": 8,
    "avatar": "",
    "channel_name": "Монголы в глиттере",
    "slug_name": "mongoly-v-glittere",
    "created_date": "2024-12-26",
    "description": "Завоевание мира через розовые каски и глиттер-гранатомёты.",
    "preview": ""
  }
},
{
  "model": "users.channel",
  "pk": 9,
  "fields": {
    "user_id": 9,
    "avatar": "",
    "channel_name": "Фембои против братишек",
    "slug_name": "femboy-protiv-bratishek",
    "created_date": "2024-12-26",
    "description": "Борьба за запрет слова «братишка» и право на маникюр в окопах.",
    "preview": ""
  }
},
{
  "model": "users.channel",
  "pk": 10,
  "fields": {
    "user_id": 10,
    "avatar": "",
    "channel_name": "Министерство Правды Хуебесов",
    "slug_name": "ministry-huebes-truth",
    "created_date": "2024-12-26",
    "description": "Официальный канал. Здесь решаем, что такое «чувствительность» и как правильно атаковать через вибраточлены.",
    "preview": ""
  }
},
{
  "model": "videos.tag",
  "pk": 1,
  "fields": {
    "name_tag": "Хуебесы",
    "slug": "huebesy"
  }
},
{
  "model": "videos.tag",
  "pk": 2,
  "fields": {
    "name_tag": "Чеченский клад",
    "slug": "chechenskij-klad"
  }
},
{
  "model": "videos.tag",
  "pk": 3,
  "fields": {
    "name_tag": "Побег из дурки",
    "slug": "pobeg-iz-durki"
  }
},
{
  "model": "videos.tag",
  "pk": 4,
  "fields": {
    "name_tag": "НЛО через розетку",
    "slug": "nlo-cherez-rozetku"
  }
},
{
  "model": "videos.tag",
  "pk": 5,
  "fields": {
    "name_tag": "Пальчик в жопе",
    "slug": "palchik-v-zhope"
  }
},
{
  "model": "videos.tag",
  "pk": 6,
  "fields": {
    "name_tag": "Америка виновата",
    "slug": "amerika-vinovata"
  }
},
{
  "model": "videos.tag",
  "pk": 7,
  "fields": {
    "name_tag": "Вертолёт из члена",
    "slug": "vertoljot-iz-chlena"
  }
},
{
  "model": "videos.tag",
  "pk": 8,
  "fields": {
    "name_tag": "Санитары агенты",
    "slug": "sanitary-agenty"
  }
},
{
  "model": "videos.tag",
  "pk": 9,
  "fields": {
    "name_tag": "Глиттер-гранатомёт",
    "slug": "glitter-granatomyot"
  }
},
{
  "model": "videos.tag",
  "pk": 10,
  "fields": {
    "name_tag": "Стриптиз Наполеону",
    "slug": "striptiz-napoleonu"
  }
},
{
  "model": "videos.videos",
  "pk": 1,
  "fields": {
    "channel_id": 1,
    "name": "Как откопать челюсть и не попасться санитарам",
    "description": "Пошаговая инструкция по поиску чеченского клада в условиях дурки. Бонус: связь с НЛО через розетку.",
    "preview": "Channels/PreviewVideo/huebes_klad.jpg",
    "video": "Channels/Video/2024/12/26/klad.mp4",
    "date_upload": "2024-12-26T10:00:00Z",
    "public_video": true
  }
},
{
  "model": "videos.videos",
  "pk": 2,
  "fields": {
    "channel_id": 2,
    "name": "Федечка и пальчик в жопе: разбор полётов",
    "description": "Эксклюзивное интервью с Федечкой о преимуществах пальчика в жопе перед обычными развлечениями.",
    "preview": "Channels/PreviewVideo/fedechka.jpg",
    "video": "Channels/Video/2024/12/26/fedechka.mp4",
    "date_upload": "2024-12-26T11:30:00Z",
    "public_video": true
  }
},
{
  "model": "videos.videos",
  "pk": 3,
  "fields": {
    "channel_id": 3,
    "name": "Строим вертолёт из члена за 5 минут",
    "description": "Мастер-класс для начинающих авиаконструкторов дурки. Лети в США, не выходя из палаты!",
    "preview": "Channels/PreviewVideo/helicopter.jpg",
    "video": "Channels/Video/2024/12/26/helicopter.mp4",
    "date_upload": "2024-12-26T12:45:00Z",
    "public_video": true
  }
},
{
  "model": "videos.videos",
  "pk": 4,
  "fields": {
    "channel_id": 4,
    "name": "Как меня расстреляли в 93-м, но я выжил",
    "description": "История о том, как хуебесы пытались меня убить, но я оказался сильнее. Рассказ у костра.",
    "preview": "Channels/PreviewVideo/93.jpg",
    "video": "Channels/Video/2024/12/26/93.mp4",
    "date_upload": "2024-12-26T14:00:00Z",
    "public_video": true
  }
},
{
  "model": "videos.videos",
  "pk": 5,
  "fields": {
    "channel_id": 5,
    "name": "Экстренный выпуск: Америка с НЛО против дурки",
    "description": "Срочные новости! Санитары оказались агентами ЦРУ. Готовим ответный удар петардами.",
    "preview": "Channels/PreviewVideo/emergency.jpg",
    "video": "Channels/Video/2024/12/26/emergency.mp4",
    "date_upload": "2024-12-26T15:20:00Z",
    "public_video": true
  }
},
{
  "model": "videos.videos",
  "pk": 6,
  "fields": {
    "channel_id": 6,
    "name": "Заработок на петардах в жопе: крипта и реинкарнация",
    "description": "Инвестируй в петарды, майни биткоины и возрождайся после смерти. Личный опыт Стива Джобса.",
    "preview": "Channels/PreviewVideo/crypto.jpg",
    "video": "Channels/Video/2024/12/26/crypto.mp4",
    "date_upload": "2024-12-26T16:10:00Z",
    "public_video": true
  }
},
{
  "model": "videos.videos",
  "pk": 7,
  "fields": {
    "channel_id": 7,
    "name": "Революция на рельсах: Ленин, Томас и хуебесы",
    "description": "Соединяем историю, мультфильмы и теорию заговора в одну безумную конструкцию.",
    "preview": "Channels/PreviewVideo/lenin.jpg",
    "video": "Channels/Video/2024/12/26/lenin.mp4",
    "date_upload": "2024-12-26T17:30:00Z",
    "public_video": true
  }
},
{
  "model": "videos.videos",
  "pk": 8,
  "fields": {
    "channel_id": 8,
    "name": "Монголы в глиттере: завоевание мира через розовые каски",
    "description": "Чингисхан перевоплотился в Смешарика и готовится к войне с хуебесами. Глиттер-гранатомёты уже в пути.",
    "preview": "Channels/PreviewVideo/mongols.jpg",
    "video": "Channels/Video/2024/12/26/mongols.mp4",
    "date_upload": "2024-12-26T18:45:00Z",
    "public_video": true
  }
},
{
  "model": "videos.videos",
  "pk": 9,
  "fields": {
    "channel_id": 9,
    "name": "Фембои против братишек: битва за маникюр в окопах",
    "description": "Документальный фильм о борьбе за запрет слова «братишка» и право на красивый маникюр в условиях войны.",
    "preview": "Channels/PreviewVideo/femboy.jpg",
    "video": "Channels/Video/2024/12/26/femboy.mp4",
    "date_upload": "2024-12-26T19:20:00Z",
    "public_video": true
  }
},
{
  "model": "videos.videos",
  "pk": 10,
  "fields": {
    "channel_id": 1,
    "name": "Итоги года: как мы победили санитаров и установили власть хуебесов",
    "description": "Годовой отчёт штаба Антихуебесов. Челюхи откопаны, НЛО на связи, санитары в бегах.",
    "preview": "Channels/PreviewVideo/results.jpg",
    "video": "Channels/Video/2024/12/26/results.mp4",
    "date_upload": "2024-12-26T20:00:00Z",
    "public_video": true
  }
},
{
  "model": "videos.viewvideo",
  "pk": 1,
  "fields": {
    "video": 1,
    "user": 1,
    "ip_address": "192.168.1.101",
    "viewed_at": "2024-12-26T10:05:00Z"
  }
},
{
  "model": "videos.viewvideo",
  "pk": 2,
  "fields": {
    "video": 1,
    "user": 2,
    "ip_address": "192.168.1.102",
    "viewed_at": "2024-12-26T10:10:00Z"
  }
},
{
  "model": "videos.viewvideo",
  "pk": 3,
  "fields": {
    "video": 2,
    "user": 3,
    "ip_address": "192.168.1.103",
    "viewed_at": "2024-12-26T11:35:00Z"
  }
},
{
  "model": "videos.videolike",
  "pk": 1,
  "fields": {
    "user": 1,
    "video": 1
  }
},
{
  "model": "videos.videolike",
  "pk": 2,
  "fields": {
    "user": 2,
    "video": 2
  }
},
{
  "model": "videos.videorepost",
  "pk": 1,
  "fields": {
    "user": 4,
    "video": 3
  }
},
{
  "model": "videos.videotag",
  "pk": 253,
  "fields": {
    "video": 1,
    "tag": 8
  }
},
{
  "model": "videos.videotag",
  "pk": 254,
  "fields": {
    "video": 1,
    "tag": 1
  }
},
{
  "model": "videos.videotag",
  "pk": 255,
  "fields": {
    "video": 1,
    "tag": 2
  }
},
{
  "model": "videos.videotag",
  "pk": 256,
  "fields": {
    "video": 2,
    "tag": 8
  }
},
{
  "model": "videos.videotag",
  "pk": 257,
  "fields": {
    "video": 2,
    "tag": 5
  }
},
{
  "model": "videos.videotag",
  "pk": 258,
  "fields": {
    "video": 3,
    "tag": 3
  }
},
{
  "model": "videos.videotag",
  "pk": 259,
  "fields": {
    "video": 3,
    "tag": 6
  }
},
{
  "model": "videos.videotag",
  "pk": 260,
  "fields": {
    "video": 3,
    "tag": 7
  }
},
{
  "model": "videos.videotag",
  "pk": 261,
  "fields": {
    "video": 4,
    "tag": 1
  }
},
{
  "model": "videos.videotag",
  "pk": 262,
  "fields": {
    "video": 4,
    "tag": 6
  }
},
{
  "model": "videos.videotag",
  "pk": 263,
  "fields": {
    "video": 5,
    "tag": 8
  }
},
{
  "model": "videos.videotag",
  "pk": 264,
  "fields": {
    "video": 5,
    "tag": 1
  }
},
{
  "model": "videos.videotag",
  "pk": 265,
  "fields": {
    "video": 5,
    "tag": 4
  }
},
{
  "model": "videos.videotag",
  "pk": 266,
  "fields": {
    "video": 5,
    "tag": 6
  }
},
{
  "model": "videos.videotag",
  "pk": 267,
  "fields": {
    "video": 6,
    "tag": 3
  }
},
{
  "model": "videos.videotag",
  "pk": 268,
  "fields": {
    "video": 6,
    "tag": 5
  }
},
{
  "model": "videos.videotag",
  "pk": 269,
  "fields": {
    "video": 7,
    "tag": 1
  }
},
{
  "model": "videos.videotag",
  "pk": 270,
  "fields": {
    "video": 7,
    "tag": 10
  }
},
{
  "model": "videos.videotag",
  "pk": 271,
  "fields": {
    "video": 7,
    "tag": 6
  }
},
{
  "model": "videos.videotag",
  "pk": 272,
  "fields": {
    "video": 8,
    "tag": 1
  }
},
{
  "model": "videos.videotag",
  "pk": 273,
  "fields": {
    "video": 8,
    "tag": 10
  }
},
{
  "model": "videos.videotag",
  "pk": 274,
  "fields": {
    "video": 8,
    "tag": 9
  }
},
{
  "model": "videos.videotag",
  "pk": 275,
  "fields": {
    "video": 9,
    "tag": 9
  }
},
{
  "model": "videos.videotag",
  "pk": 276,
  "fields": {
    "video": 9,
    "tag": 10
  }
},
{
  "model": "videos.videotag",
  "pk": 277,
  "fields": {
    "video": 10,
    "tag": 8
  }
},
{
  "model": "videos.videotag",
  "pk": 278,
  "fields": {
    "video": 10,
    "tag": 1
  }
},
{
  "model": "videos.videotag",
  "pk": 279,
  "fields": {
    "video": 10,
    "tag": 2
  }
},
{
  "model": "videos.videotag",
  "pk": 280,
  "fields": {
    "video": 10,
    "tag": 3
  }
},
{
  "model": "videos.comment",
  "pk": 1,
  "fields": {
    "author": 1,
    "video": 1,
    "parent": null,
    "text": "Отличное видео! Челюху уже откопал, жду НЛО.",
    "created_at": "2026-01-17T08:57:25.795Z",
    "is_hidden": false,
    "lft": 1,
    "rght": 4,
    "tree_id": 2,
    "level": 0
  }
},
{
  "model": "videos.comment",
  "pk": 2,
  "fields": {
    "author": 2,
    "video": 1,
    "parent": 1,
    "text": "А у меня санитары челюху спиздили! Что делать?",
    "created_at": "2026-01-17T08:57:25.806Z",
    "is_hidden": false,
    "lft": 2,
    "rght": 3,
    "tree_id": 2,
    "level": 1
  }
},
{
  "model": "videos.comment",
  "pk": 3,
  "fields": {
    "author": 3,
    "video": 3,
    "parent": null,
    "text": "Вертолёт из члена не взлетел. Подскажите, может, нужно больше пальчиков в жопе?",
    "created_at": "2026-01-17T08:57:26.194Z",
    "is_hidden": false,
    "lft": 1,
    "rght": 2,
    "tree_id": 1,
    "level": 0
  }
}
]
